ingredient,sources,hasInfo,hasGraph,hasRule,hasKnowledge,inPetToxins,humanScore,diabetesScore,petScore,recommendationHuman,recommendationDiabetes,recommendationPet,issues,humanFlags,diabetesFlags,petFlags
"alcohol","PET_TOXINS",false,false,false,false,true,90,90,90,"BUY","BUY","BUY","missing_graph|missing_info|missing_knowledge|missing_rule|pet_toxin_not_flagged","","",""
"almond","INGREDIENT_KNOWLEDGE",false,false,false,true,false,90,90,90,"BUY","BUY","BUY","missing_graph|missing_info|missing_rule","","",""
"artificial flavor","INGREDIENT_RULES",false,false,true,false,false,90,90,90,"BUY","BUY","BUY","missing_graph|missing_info|missing_knowledge","","",""
"ascorbic acid","INGREDIENT_KNOWLEDGE",false,false,false,true,false,90,90,90,"BUY","BUY","BUY","missing_graph|missing_info|missing_rule","","",""
"aspartame","INGREDIENT_INFO|INGREDIENT_RULES",true,false,true,false,false,85,85,85,"BUY","BUY","BUY","missing_graph|missing_knowledge","","",""
"avocado","PET_TOXINS",false,false,false,false,true,90,90,90,"BUY","BUY","BUY","missing_graph|missing_info|missing_knowledge|missing_rule|pet_toxin_not_flagged","","",""
"avocado oil","INGREDIENT_KNOWLEDGE",false,false,false,true,false,90,90,90,"BUY","BUY","BUY","missing_graph|missing_info|missing_rule","","",""
"baking powder","INGREDIENT_KNOWLEDGE",false,false,false,true,false,90,90,90,"BUY","BUY","BUY","missing_graph|missing_info|missing_rule","","",""
"baking soda","INGREDIENT_KNOWLEDGE",false,false,false,true,false,90,90,90,"BUY","BUY","BUY","missing_graph|missing_info|missing_rule","","",""
"barley","INGREDIENT_KNOWLEDGE",false,false,false,true,false,90,90,90,"BUY","BUY","BUY","missing_graph|missing_info|missing_rule","","",""
"bha","INGREDIENT_RULES",false,false,true,false,false,85,85,85,"BUY","BUY","BUY","missing_graph|missing_info|missing_knowledge","","",""
"bht","INGREDIENT_RULES",false,false,true,false,false,85,85,85,"BUY","BUY","BUY","missing_graph|missing_info|missing_knowledge","","",""
"caffeine","PET_TOXINS",false,false,false,false,true,90,90,90,"BUY","BUY","BUY","missing_graph|missing_info|missing_knowledge|missing_rule|pet_toxin_not_flagged","","",""
"canola oil","INGREDIENT_KNOWLEDGE",false,false,false,true,false,90,90,90,"BUY","BUY","BUY","missing_graph|missing_info|missing_rule","","",""
"carrageenan","INGREDIENT_KNOWLEDGE",false,false,false,true,false,90,90,90,"BUY","BUY","BUY","missing_graph|missing_info|missing_rule","","",""
"casein","INGREDIENT_KNOWLEDGE",false,false,false,true,false,90,90,90,"BUY","BUY","BUY","missing_graph|missing_info|missing_rule","","",""
"chia","INGREDIENT_KNOWLEDGE",false,false,false,true,false,90,90,90,"BUY","BUY","BUY","missing_graph|missing_info|missing_rule","","",""
"chocolate","INGREDIENT_KNOWLEDGE|PET_TOXINS",false,false,false,true,true,90,90,90,"BUY","BUY","BUY","missing_graph|missing_info|missing_rule|pet_toxin_not_flagged","","",""
"citric acid","INGREDIENT_KNOWLEDGE",false,false,false,true,false,85,85,85,"BUY","BUY","BUY","missing_graph|missing_info|missing_rule","citric acid risk","citric acid risk","citric acid risk"
"cocoa","INGREDIENT_KNOWLEDGE",false,false,false,true,false,90,90,90,"BUY","BUY","BUY","missing_graph|missing_info|missing_rule","","",""
"cocoa butter","INGREDIENT_KNOWLEDGE",false,false,false,true,false,90,90,90,"BUY","BUY","BUY","missing_graph|missing_info|missing_rule","","",""
"coffee","INGREDIENT_KNOWLEDGE",false,false,false,true,false,90,90,90,"BUY","BUY","BUY","missing_graph|missing_info|missing_rule","","",""
"corn starch","INGREDIENT_KNOWLEDGE",false,false,false,true,false,85,85,85,"BUY","BUY","BUY","missing_graph|missing_info|missing_rule","corn starch risk","corn starch risk","corn starch risk"
"corn syrup","INGREDIENT_KNOWLEDGE",false,false,false,true,false,90,90,90,"BUY","BUY","BUY","missing_graph|missing_info|missing_rule","","",""
"cornstarch","INGREDIENT_GRAPH|INGREDIENT_INFO",true,true,false,false,false,90,90,90,"BUY","BUY","BUY","missing_knowledge|missing_rule","Unhealthy ingredient: cornstarch","Unhealthy ingredient: cornstarch","Unhealthy ingredient: cornstarch"
"egg","INGREDIENT_KNOWLEDGE",false,false,false,true,false,90,90,90,"BUY","BUY","BUY","missing_graph|missing_info|missing_rule","","",""
"flaxseed","INGREDIENT_KNOWLEDGE",false,false,false,true,false,90,90,90,"BUY","BUY","BUY","missing_graph|missing_info|missing_rule","","",""
"fructose","INGREDIENT_KNOWLEDGE",false,false,false,true,false,90,90,90,"BUY","BUY","BUY","missing_graph|missing_info|missing_rule","","",""
"garlic","PET_TOXINS",false,false,false,false,true,85,85,85,"BUY","BUY","BUY","missing_graph|missing_info|missing_knowledge|missing_rule|pet_toxin_not_flagged","garlic risk","garlic risk","garlic risk"
"gelatin","INGREDIENT_KNOWLEDGE",false,false,false,true,false,90,90,90,"BUY","BUY","BUY","missing_graph|missing_info|missing_rule","","",""
"glucose syrup","INGREDIENT_KNOWLEDGE",false,false,false,true,false,90,90,90,"BUY","BUY","BUY","missing_graph|missing_info|missing_rule","","",""
"grapes","PET_TOXINS",false,false,false,false,true,90,90,90,"BUY","BUY","BUY","missing_graph|missing_info|missing_knowledge|missing_rule|pet_toxin_not_flagged","","",""
"guar gum","INGREDIENT_KNOWLEDGE",false,false,false,true,false,90,90,90,"BUY","BUY","BUY","missing_graph|missing_info|missing_rule","","",""
"high fructose corn syrup","INGREDIENT_GRAPH|INGREDIENT_INFO|INGREDIENT_RULES",true,true,true,false,false,85,85,85,"BUY","BUY","BUY","diabetes_profile_not_more_strict|missing_knowledge","high fructose corn syrup risk|Unhealthy ingredient: high fructose corn syrup","Condition conflict: high fructose corn syrup|high fructose corn syrup risk|Unhealthy ingredient: high fructose corn syrup","high fructose corn syrup risk|Unhealthy ingredient: high fructose corn syrup"
"lecithin","INGREDIENT_KNOWLEDGE",false,false,false,true,false,90,90,90,"BUY","BUY","BUY","missing_graph|missing_info|missing_rule","","",""
"macadamia nuts","PET_TOXINS",false,false,false,false,true,90,90,90,"BUY","BUY","BUY","missing_graph|missing_info|missing_knowledge|missing_rule|pet_toxin_not_flagged","","",""
"maltodextrin","INGREDIENT_KNOWLEDGE",false,false,false,true,false,90,90,90,"BUY","BUY","BUY","missing_graph|missing_info|missing_rule","","",""
"milk","INGREDIENT_KNOWLEDGE",false,false,false,true,false,90,90,90,"BUY","BUY","BUY","missing_graph|missing_info|missing_rule","","",""
"msg","INGREDIENT_INFO|INGREDIENT_RULES",true,false,true,false,false,80,80,80,"BUY","BUY","BUY","missing_graph|missing_knowledge","msg risk","msg risk","msg risk"
"oats","INGREDIENT_KNOWLEDGE",false,false,false,true,false,90,90,90,"BUY","BUY","BUY","missing_graph|missing_info|missing_rule","","",""
"olive oil","INGREDIENT_KNOWLEDGE",false,false,false,true,false,90,90,90,"BUY","BUY","BUY","missing_graph|missing_info|missing_rule","","",""
"onion","PET_TOXINS",false,false,false,false,true,85,85,85,"BUY","BUY","BUY","missing_graph|missing_info|missing_knowledge|missing_rule|pet_toxin_not_flagged","onion risk","onion risk","onion risk"
"palm oil","INGREDIENT_KNOWLEDGE",false,false,false,true,false,90,90,90,"BUY","BUY","BUY","missing_graph|missing_info|missing_rule","","",""
"peanut","INGREDIENT_KNOWLEDGE",false,false,false,true,false,90,90,90,"BUY","BUY","BUY","missing_graph|missing_info|missing_rule","","",""
"peanut oil","INGREDIENT_KNOWLEDGE",false,false,false,true,false,85,85,85,"BUY","BUY","BUY","missing_graph|missing_info|missing_rule","peanut oil risk","peanut oil risk","peanut oil risk"
"pectin","INGREDIENT_KNOWLEDGE",false,false,false,true,false,90,90,90,"BUY","BUY","BUY","missing_graph|missing_info|missing_rule","","",""
"potassium sorbate","INGREDIENT_KNOWLEDGE",false,false,false,true,false,85,85,85,"BUY","BUY","BUY","missing_graph|missing_info|missing_rule","","",""
"quinoa","INGREDIENT_KNOWLEDGE",false,false,false,true,false,90,90,90,"BUY","BUY","BUY","missing_graph|missing_info|missing_rule","","",""
"raisins","PET_TOXINS",false,false,false,false,true,90,90,90,"BUY","BUY","BUY","missing_graph|missing_info|missing_knowledge|missing_rule|pet_toxin_not_flagged","","",""
"rice","INGREDIENT_KNOWLEDGE",false,false,false,true,false,90,90,90,"BUY","BUY","BUY","missing_graph|missing_info|missing_rule","","",""
"rye","INGREDIENT_KNOWLEDGE",false,false,false,true,false,90,90,90,"BUY","BUY","BUY","missing_graph|missing_info|missing_rule","","",""
"salt","INGREDIENT_KNOWLEDGE",false,false,false,true,false,85,85,85,"BUY","BUY","BUY","missing_graph|missing_info|missing_rule","salt risk","salt risk","salt risk"
"sesame oil","INGREDIENT_KNOWLEDGE",false,false,false,true,false,85,85,85,"BUY","BUY","BUY","missing_graph|missing_info|missing_rule","sesame oil risk","sesame oil risk","sesame oil risk"
"sodium benzoate","INGREDIENT_KNOWLEDGE",false,false,false,true,false,90,90,90,"BUY","BUY","BUY","missing_graph|missing_info|missing_rule","","",""
"soy","INGREDIENT_KNOWLEDGE",false,false,false,true,false,90,90,90,"BUY","BUY","BUY","missing_graph|missing_info|missing_rule","","",""
"sugar","INGREDIENT_KNOWLEDGE",false,false,false,true,false,85,70,85,"BUY","CAUTION","BUY","missing_graph|missing_info|missing_rule","sugar risk","High sugar risk for diabetes|sugar risk","sugar risk"
"sunflower oil","INGREDIENT_KNOWLEDGE",false,false,false,true,false,90,90,90,"BUY","BUY","BUY","missing_graph|missing_info|missing_rule","","",""
"tea","INGREDIENT_KNOWLEDGE",false,false,false,true,false,90,90,90,"BUY","BUY","BUY","missing_graph|missing_info|missing_rule","","",""
"toxin 1","PET_TOXINS",false,false,false,false,false,90,90,90,"BUY","BUY","BUY","missing_graph|missing_info|missing_knowledge|missing_rule","","",""
"toxin 10","PET_TOXINS",false,false,false,false,false,90,90,90,"BUY","BUY","BUY","missing_graph|missing_info|missing_knowledge|missing_rule","","",""
"toxin 100","PET_TOXINS",false,false,false,false,false,90,90,90,"BUY","BUY","BUY","missing_graph|missing_info|missing_knowledge|missing_rule","","",""
"toxin 101","PET_TOXINS",false,false,false,false,false,90,90,90,"BUY","BUY","BUY","missing_graph|missing_info|missing_knowledge|missing_rule","","",""
"toxin 102","PET_TOXINS",false,false,false,false,false,90,90,90,"BUY","BUY","BUY","missing_graph|missing_info|missing_knowledge|missing_rule","","",""
"toxin 103","PET_TOXINS",false,false,false,false,false,90,90,90,"BUY","BUY","BUY","missing_graph|missing_info|missing_knowledge|missing_rule","","",""
"toxin 104","PET_TOXINS",false,false,false,false,false,90,90,90,"BUY","BUY","BUY","missing_graph|missing_info|missing_knowledge|missing_rule","","",""
"toxin 105","PET_TOXINS",false,false,false,false,false,90,90,90,"BUY","BUY","BUY","missing_graph|missing_info|missing_knowledge|missing_rule","","",""
"toxin 106","PET_TOXINS",false,false,false,false,false,90,90,90,"BUY","BUY","BUY","missing_graph|missing_info|missing_knowledge|missing_rule","","",""
"toxin 107","PET_TOXINS",false,false,false,false,false,90,90,90,"BUY","BUY","BUY","missing_graph|missing_info|missing_knowledge|missing_rule","","",""
"toxin 108","PET_TOXINS",false,false,false,false,false,90,90,90,"BUY","BUY","BUY","missing_graph|missing_info|missing_knowledge|missing_rule","","",""
"toxin 109","PET_TOXINS",false,false,false,false,false,90,90,90,"BUY","BUY","BUY","missing_graph|missing_info|missing_knowledge|missing_rule","","",""
"toxin 11","PET_TOXINS",false,false,false,false,false,90,90,90,"BUY","BUY","BUY","missing_graph|missing_info|missing_knowledge|missing_rule","","",""
"toxin 110","PET_TOXINS",false,false,false,false,false,90,90,90,"BUY","BUY","BUY","missing_graph|missing_info|missing_knowledge|missing_rule","","",""
"toxin 111","PET_TOXINS",false,false,false,false,false,90,90,90,"BUY","BUY","BUY","missing_graph|missing_info|missing_knowledge|missing_rule","","",""
"toxin 112","PET_TOXINS",false,false,false,false,false,90,90,90,"BUY","BUY","BUY","missing_graph|missing_info|missing_knowledge|missing_rule","","",""
"toxin 113","PET_TOXINS",false,false,false,false,false,90,90,90,"BUY","BUY","BUY","missing_graph|missing_info|missing_knowledge|missing_rule","","",""
"toxin 114","PET_TOXINS",false,false,false,false,false,90,90,90,"BUY","BUY","BUY","missing_graph|missing_info|missing_knowledge|missing_rule","","",""
"toxin 115","PET_TOXINS",false,false,false,false,false,90,90,90,"BUY","BUY","BUY","missing_graph|missing_info|missing_knowledge|missing_rule","","",""
"toxin 116","PET_TOXINS",false,false,false,false,false,90,90,90,"BUY","BUY","BUY","missing_graph|missing_info|missing_knowledge|missing_rule","","",""
"toxin 117","PET_TOXINS",false,false,false,false,false,90,90,90,"BUY","BUY","BUY","missing_graph|missing_info|missing_knowledge|missing_rule","","",""
"toxin 118","PET_TOXINS",false,false,false,false,false,90,90,90,"BUY","BUY","BUY","missing_graph|missing_info|missing_knowledge|missing_rule","","",""
"toxin 119","PET_TOXINS",false,false,false,false,false,90,90,90,"BUY","BUY","BUY","missing_graph|missing_info|missing_knowledge|missing_rule","","",""
"toxin 12","PET_TOXINS",false,false,false,false,false,90,90,90,"BUY","BUY","BUY","missing_graph|missing_info|missing_knowledge|missing_rule","","",""
"toxin 120","PET_TOXINS",false,false,false,false,false,90,90,90,"BUY","BUY","BUY","missing_graph|missing_info|missing_knowledge|missing_rule","","",""
"toxin 121","PET_TOXINS",false,false,false,false,false,90,90,90,"BUY","BUY","BUY","missing_graph|missing_info|missing_knowledge|missing_rule","","",""
"toxin 122","PET_TOXINS",false,false,false,false,false,90,90,90,"BUY","BUY","BUY","missing_graph|missing_info|missing_knowledge|missing_rule","","",""
"toxin 123","PET_TOXINS",false,false,false,false,false,90,90,90,"BUY","BUY","BUY","missing_graph|missing_info|missing_knowledge|missing_rule","","",""
"toxin 124","PET_TOXINS",false,false,false,false,false,90,90,90,"BUY","BUY","BUY","missing_graph|missing_info|missing_knowledge|missing_rule","","",""
"toxin 125","PET_TOXINS",false,false,false,false,false,90,90,90,"BUY","BUY","BUY","missing_graph|missing_info|missing_knowledge|missing_rule","","",""
"toxin 126","PET_TOXINS",false,false,false,false,false,90,90,90,"BUY","BUY","BUY","missing_graph|missing_info|missing_knowledge|missing_rule","","",""
"toxin 127","PET_TOXINS",false,false,false,false,false,90,90,90,"BUY","BUY","BUY","missing_graph|missing_info|missing_knowledge|missing_rule","","",""
"toxin 128","PET_TOXINS",false,false,false,false,false,90,90,90,"BUY","BUY","BUY","missing_graph|missing_info|missing_knowledge|missing_rule","","",""
"toxin 129","PET_TOXINS",false,false,false,false,false,90,90,90,"BUY","BUY","BUY","missing_graph|missing_info|missing_knowledge|missing_rule","","",""
"toxin 13","PET_TOXINS",false,false,false,false,false,90,90,90,"BUY","BUY","BUY","missing_graph|missing_info|missing_knowledge|missing_rule","","",""
"toxin 130","PET_TOXINS",false,false,false,false,false,90,90,90,"BUY","BUY","BUY","missing_graph|missing_info|missing_knowledge|missing_rule","","",""
"toxin 131","PET_TOXINS",false,false,false,false,false,90,90,90,"BUY","BUY","BUY","missing_graph|missing_info|missing_knowledge|missing_rule","","",""
"toxin 132","PET_TOXINS",false,false,false,false,false,90,90,90,"BUY","BUY","BUY","missing_graph|missing_info|missing_knowledge|missing_rule","","",""
"toxin 133","PET_TOXINS",false,false,false,false,false,90,90,90,"BUY","BUY","BUY","missing_graph|missing_info|missing_knowledge|missing_rule","","",""
"toxin 134","PET_TOXINS",false,false,false,false,false,90,90,90,"BUY","BUY","BUY","missing_graph|missing_info|missing_knowledge|missing_rule","","",""
"toxin 135","PET_TOXINS",false,false,false,false,false,90,90,90,"BUY","BUY","BUY","missing_graph|missing_info|missing_knowledge|missing_rule","","",""
"toxin 136","PET_TOXINS",false,false,false,false,false,90,90,90,"BUY","BUY","BUY","missing_graph|missing_info|missing_knowledge|missing_rule","","",""
"toxin 137","PET_TOXINS",false,false,false,false,false,90,90,90,"BUY","BUY","BUY","missing_graph|missing_info|missing_knowledge|missing_rule","","",""
"toxin 138","PET_TOXINS",false,false,false,false,false,90,90,90,"BUY","BUY","BUY","missing_graph|missing_info|missing_knowledge|missing_rule","","",""
"toxin 139","PET_TOXINS",false,false,false,false,false,90,90,90,"BUY","BUY","BUY","missing_graph|missing_info|missing_knowledge|missing_rule","","",""
"toxin 14","PET_TOXINS",false,false,false,false,false,90,90,90,"BUY","BUY","BUY","missing_graph|missing_info|missing_knowledge|missing_rule","","",""
"toxin 140","PET_TOXINS",false,false,false,false,false,90,90,90,"BUY","BUY","BUY","missing_graph|missing_info|missing_knowledge|missing_rule","","",""
"toxin 141","PET_TOXINS",false,false,false,false,false,90,90,90,"BUY","BUY","BUY","missing_graph|missing_info|missing_knowledge|missing_rule","","",""
"toxin 142","PET_TOXINS",false,false,false,false,false,90,90,90,"BUY","BUY","BUY","missing_graph|missing_info|missing_knowledge|missing_rule","","",""
"toxin 143","PET_TOXINS",false,false,false,false,false,90,90,90,"BUY","BUY","BUY","missing_graph|missing_info|missing_knowledge|missing_rule","","",""
"toxin 144","PET_TOXINS",false,false,false,false,false,90,90,90,"BUY","BUY","BUY","missing_graph|missing_info|missing_knowledge|missing_rule","","",""
"toxin 145","PET_TOXINS",false,false,false,false,false,90,90,90,"BUY","BUY","BUY","missing_graph|missing_info|missing_knowledge|missing_rule","","",""
"toxin 146","PET_TOXINS",false,false,false,false,false,90,90,90,"BUY","BUY","BUY","missing_graph|missing_info|missing_knowledge|missing_rule","","",""
"toxin 147","PET_TOXINS",false,false,false,false,false,90,90,90,"BUY","BUY","BUY","missing_graph|missing_info|missing_knowledge|missing_rule","","",""
"toxin 148","PET_TOXINS",false,false,false,false,false,90,90,90,"BUY","BUY","BUY","missing_graph|missing_info|missing_knowledge|missing_rule","","",""
"toxin 149","PET_TOXINS",false,false,false,false,false,90,90,90,"BUY","BUY","BUY","missing_graph|missing_info|missing_knowledge|missing_rule","","",""
"toxin 15","PET_TOXINS",false,false,false,false,false,90,90,90,"BUY","BUY","BUY","missing_graph|missing_info|missing_knowledge|missing_rule","","",""
"toxin 150","PET_TOXINS",false,false,false,false,false,90,90,90,"BUY","BUY","BUY","missing_graph|missing_info|missing_knowledge|missing_rule","","",""
"toxin 151","PET_TOXINS",false,false,false,false,false,90,90,90,"BUY","BUY","BUY","missing_graph|missing_info|missing_knowledge|missing_rule","","",""
"toxin 152","PET_TOXINS",false,false,false,false,false,90,90,90,"BUY","BUY","BUY","missing_graph|missing_info|missing_knowledge|missing_rule","","",""
"toxin 153","PET_TOXINS",false,false,false,false,false,90,90,90,"BUY","BUY","BUY","missing_graph|missing_info|missing_knowledge|missing_rule","","",""
"toxin 154","PET_TOXINS",false,false,false,false,false,90,90,90,"BUY","BUY","BUY","missing_graph|missing_info|missing_knowledge|missing_rule","","",""
"toxin 155","PET_TOXINS",false,false,false,false,false,90,90,90,"BUY","BUY","BUY","missing_graph|missing_info|missing_knowledge|missing_rule","","",""
"toxin 156","PET_TOXINS",false,false,false,false,false,90,90,90,"BUY","BUY","BUY","missing_graph|missing_info|missing_knowledge|missing_rule","","",""
"toxin 157","PET_TOXINS",false,false,false,false,false,90,90,90,"BUY","BUY","BUY","missing_graph|missing_info|missing_knowledge|missing_rule","","",""
"toxin 158","PET_TOXINS",false,false,false,false,false,90,90,90,"BUY","BUY","BUY","missing_graph|missing_info|missing_knowledge|missing_rule","","",""
"toxin 159","PET_TOXINS",false,false,false,false,false,90,90,90,"BUY","BUY","BUY","missing_graph|missing_info|missing_knowledge|missing_rule","","",""
"toxin 16","PET_TOXINS",false,false,false,false,false,90,90,90,"BUY","BUY","BUY","missing_graph|missing_info|missing_knowledge|missing_rule","","",""
"toxin 160","PET_TOXINS",false,false,false,false,false,90,90,90,"BUY","BUY","BUY","missing_graph|missing_info|missing_knowledge|missing_rule","","",""
"toxin 161","PET_TOXINS",false,false,false,false,false,90,90,90,"BUY","BUY","BUY","missing_graph|missing_info|missing_knowledge|missing_rule","","",""
"toxin 162","PET_TOXINS",false,false,false,false,false,90,90,90,"BUY","BUY","BUY","missing_graph|missing_info|missing_knowledge|missing_rule","","",""
"toxin 163","PET_TOXINS",false,false,false,false,false,90,90,90,"BUY","BUY","BUY","missing_graph|missing_info|missing_knowledge|missing_rule","","",""
"toxin 164","PET_TOXINS",false,false,false,false,false,90,90,90,"BUY","BUY","BUY","missing_graph|missing_info|missing_knowledge|missing_rule","","",""
"toxin 165","PET_TOXINS",false,false,false,false,false,90,90,90,"BUY","BUY","BUY","missing_graph|missing_info|missing_knowledge|missing_rule","","",""
"toxin 166","PET_TOXINS",false,false,false,false,false,90,90,90,"BUY","BUY","BUY","missing_graph|missing_info|missing_knowledge|missing_rule","","",""
"toxin 167","PET_TOXINS",false,false,false,false,false,90,90,90,"BUY","BUY","BUY","missing_graph|missing_info|missing_knowledge|missing_rule","","",""
"toxin 168","PET_TOXINS",false,false,false,false,false,90,90,90,"BUY","BUY","BUY","missing_graph|missing_info|missing_knowledge|missing_rule","","",""
"toxin 169","PET_TOXINS",false,false,false,false,false,90,90,90,"BUY","BUY","BUY","missing_graph|missing_info|missing_knowledge|missing_rule","","",""
"toxin 17","PET_TOXINS",false,false,false,false,false,90,90,90,"BUY","BUY","BUY","missing_graph|missing_info|missing_knowledge|missing_rule","","",""
"toxin 170","PET_TOXINS",false,false,false,false,false,90,90,90,"BUY","BUY","BUY","missing_graph|missing_info|missing_knowledge|missing_rule","","",""
"toxin 171","PET_TOXINS",false,false,false,false,false,90,90,90,"BUY","BUY","BUY","missing_graph|missing_info|missing_knowledge|missing_rule","","",""
"toxin 172","PET_TOXINS",false,false,false,false,false,90,90,90,"BUY","BUY","BUY","missing_graph|missing_info|missing_knowledge|missing_rule","","",""
"toxin 173","PET_TOXINS",false,false,false,false,false,90,90,90,"BUY","BUY","BUY","missing_graph|missing_info|missing_knowledge|missing_rule","","",""
"toxin 174","PET_TOXINS",false,false,false,false,false,90,90,90,"BUY","BUY","BUY","missing_graph|missing_info|missing_knowledge|missing_rule","","",""
"toxin 175","PET_TOXINS",false,false,false,false,false,90,90,90,"BUY","BUY","BUY","missing_graph|missing_info|missing_knowledge|missing_rule","","",""
"toxin 176","PET_TOXINS",false,false,false,false,false,90,90,90,"BUY","BUY","BUY","missing_graph|missing_info|missing_knowledge|missing_rule","","",""
"toxin 177","PET_TOXINS",false,false,false,false,false,90,90,90,"BUY","BUY","BUY","missing_graph|missing_info|missing_knowledge|missing_rule","","",""
"toxin 178","PET_TOXINS",false,false,false,false,false,90,90,90,"BUY","BUY","BUY","missing_graph|missing_info|missing_knowledge|missing_rule","","",""
"toxin 179","PET_TOXINS",false,false,false,false,false,90,90,90,"BUY","BUY","BUY","missing_graph|missing_info|missing_knowledge|missing_rule","","",""
"toxin 18","PET_TOXINS",false,false,false,false,false,90,90,90,"BUY","BUY","BUY","missing_graph|missing_info|missing_knowledge|missing_rule","","",""
"toxin 180","PET_TOXINS",false,false,false,false,false,90,90,90,"BUY","BUY","BUY","missing_graph|missing_info|missing_knowledge|missing_rule","","",""
"toxin 181","PET_TOXINS",false,false,false,false,false,90,90,90,"BUY","BUY","BUY","missing_graph|missing_info|missing_knowledge|missing_rule","","",""
"toxin 182","PET_TOXINS",false,false,false,false,false,90,90,90,"BUY","BUY","BUY","missing_graph|missing_info|missing_knowledge|missing_rule","","",""
"toxin 183","PET_TOXINS",false,false,false,false,false,90,90,90,"BUY","BUY","BUY","missing_graph|missing_info|missing_knowledge|missing_rule","","",""
"toxin 184","PET_TOXINS",false,false,false,false,false,90,90,90,"BUY","BUY","BUY","missing_graph|missing_info|missing_knowledge|missing_rule","","",""
"toxin 185","PET_TOXINS",false,false,false,false,false,90,90,90,"BUY","BUY","BUY","missing_graph|missing_info|missing_knowledge|missing_rule","","",""
"toxin 186","PET_TOXINS",false,false,false,false,false,90,90,90,"BUY","BUY","BUY","missing_graph|missing_info|missing_knowledge|missing_rule","","",""
"toxin 187","PET_TOXINS",false,false,false,false,false,90,90,90,"BUY","BUY","BUY","missing_graph|missing_info|missing_knowledge|missing_rule","","",""
"toxin 188","PET_TOXINS",false,false,false,false,false,90,90,90,"BUY","BUY","BUY","missing_graph|missing_info|missing_knowledge|missing_rule","","",""
"toxin 189","PET_TOXINS",false,false,false,false,false,90,90,90,"BUY","BUY","BUY","missing_graph|missing_info|missing_knowledge|missing_rule","","",""
"toxin 19","PET_TOXINS",false,false,false,false,false,90,90,90,"BUY","BUY","BUY","missing_graph|missing_info|missing_knowledge|missing_rule","","",""
"toxin 190","PET_TOXINS",false,false,false,false,false,90,90,90,"BUY","BUY","BUY","missing_graph|missing_info|missing_knowledge|missing_rule","","",""
"toxin 191","PET_TOXINS",false,false,false,false,false,90,90,90,"BUY","BUY","BUY","missing_graph|missing_info|missing_knowledge|missing_rule","","",""
"toxin 192","PET_TOXINS",false,false,false,false,false,90,90,90,"BUY","BUY","BUY","missing_graph|missing_info|missing_knowledge|missing_rule","","",""
"toxin 193","PET_TOXINS",false,false,false,false,false,90,90,90,"BUY","BUY","BUY","missing_graph|missing_info|missing_knowledge|missing_rule","","",""
"toxin 194","PET_TOXINS",false,false,false,false,false,90,90,90,"BUY","BUY","BUY","missing_graph|missing_info|missing_knowledge|missing_rule","","",""
"toxin 195","PET_TOXINS",false,false,false,false,false,90,90,90,"BUY","BUY","BUY","missing_graph|missing_info|missing_knowledge|missing_rule","","",""
"toxin 196","PET_TOXINS",false,false,false,false,false,90,90,90,"BUY","BUY","BUY","missing_graph|missing_info|missing_knowledge|missing_rule","","",""
"toxin 197","PET_TOXINS",false,false,false,false,false,90,90,90,"BUY","BUY","BUY","missing_graph|missing_info|missing_knowledge|missing_rule","","",""
"toxin 198","PET_TOXINS",false,false,false,false,false,90,90,90,"BUY","BUY","BUY","missing_graph|missing_info|missing_knowledge|missing_rule","","",""
"toxin 199","PET_TOXINS",false,false,false,false,false,90,90,90,"BUY","BUY","BUY","missing_graph|missing_info|missing_knowledge|missing_rule","","",""
"toxin 2","PET_TOXINS",false,false,false,false,false,90,90,90,"BUY","BUY","BUY","missing_graph|missing_info|missing_knowledge|missing_rule","","",""
"toxin 20","PET_TOXINS",false,false,false,false,false,90,90,90,"BUY","BUY","BUY","missing_graph|missing_info|missing_knowledge|missing_rule","","",""
"toxin 200","PET_TOXINS",false,false,false,false,false,90,90,90,"BUY","BUY","BUY","missing_graph|missing_info|missing_knowledge|missing_rule","","",""
"toxin 21","PET_TOXINS",false,false,false,false,false,90,90,90,"BUY","BUY","BUY","missing_graph|missing_info|missing_knowledge|missing_rule","","",""
"toxin 22","PET_TOXINS",false,false,false,false,false,90,90,90,"BUY","BUY","BUY","missing_graph|missing_info|missing_knowledge|missing_rule","","",""
"toxin 23","PET_TOXINS",false,false,false,false,false,90,90,90,"BUY","BUY","BUY","missing_graph|missing_info|missing_knowledge|missing_rule","","",""
"toxin 24","PET_TOXINS",false,false,false,false,false,90,90,90,"BUY","BUY","BUY","missing_graph|missing_info|missing_knowledge|missing_rule","","",""
"toxin 25","PET_TOXINS",false,false,false,false,false,90,90,90,"BUY","BUY","BUY","missing_graph|missing_info|missing_knowledge|missing_rule","","",""
"toxin 26","PET_TOXINS",false,false,false,false,false,90,90,90,"BUY","BUY","BUY","missing_graph|missing_info|missing_knowledge|missing_rule","","",""
"toxin 27","PET_TOXINS",false,false,false,false,false,90,90,90,"BUY","BUY","BUY","missing_graph|missing_info|missing_knowledge|missing_rule","","",""
"toxin 28","PET_TOXINS",false,false,false,false,false,90,90,90,"BUY","BUY","BUY","missing_graph|missing_info|missing_knowledge|missing_rule","","",""
"toxin 29","PET_TOXINS",false,false,false,false,false,90,90,90,"BUY","BUY","BUY","missing_graph|missing_info|missing_knowledge|missing_rule","","",""
"toxin 3","PET_TOXINS",false,false,false,false,false,90,90,90,"BUY","BUY","BUY","missing_graph|missing_info|missing_knowledge|missing_rule","","",""
"toxin 30","PET_TOXINS",false,false,false,false,false,90,90,90,"BUY","BUY","BUY","missing_graph|missing_info|missing_knowledge|missing_rule","","",""
"toxin 31","PET_TOXINS",false,false,false,false,false,90,90,90,"BUY","BUY","BUY","missing_graph|missing_info|missing_knowledge|missing_rule","","",""
"toxin 32","PET_TOXINS",false,false,false,false,false,90,90,90,"BUY","BUY","BUY","missing_graph|missing_info|missing_knowledge|missing_rule","","",""
"toxin 33","PET_TOXINS",false,false,false,false,false,90,90,90,"BUY","BUY","BUY","missing_graph|missing_info|missing_knowledge|missing_rule","","",""
"toxin 34","PET_TOXINS",false,false,false,false,false,90,90,90,"BUY","BUY","BUY","missing_graph|missing_info|missing_knowledge|missing_rule","","",""
"toxin 35","PET_TOXINS",false,false,false,false,false,90,90,90,"BUY","BUY","BUY","missing_graph|missing_info|missing_knowledge|missing_rule","","",""
"toxin 36","PET_TOXINS",false,false,false,false,false,90,90,90,"BUY","BUY","BUY","missing_graph|missing_info|missing_knowledge|missing_rule","","",""
"toxin 37","PET_TOXINS",false,false,false,false,false,90,90,90,"BUY","BUY","BUY","missing_graph|missing_info|missing_knowledge|missing_rule","","",""
"toxin 38","PET_TOXINS",false,false,false,false,false,90,90,90,"BUY","BUY","BUY","missing_graph|missing_info|missing_knowledge|missing_rule","","",""
"toxin 39","PET_TOXINS",false,false,false,false,false,90,90,90,"BUY","BUY","BUY","missing_graph|missing_info|missing_knowledge|missing_rule","","",""
"toxin 4","PET_TOXINS",false,false,false,false,false,90,90,90,"BUY","BUY","BUY","missing_graph|missing_info|missing_knowledge|missing_rule","","",""
"toxin 40","PET_TOXINS",false,false,false,false,false,90,90,90,"BUY","BUY","BUY","missing_graph|missing_info|missing_knowledge|missing_rule","","",""
"toxin 41","PET_TOXINS",false,false,false,false,false,90,90,90,"BUY","BUY","BUY","missing_graph|missing_info|missing_knowledge|missing_rule","","",""
"toxin 42","PET_TOXINS",false,false,false,false,false,90,90,90,"BUY","BUY","BUY","missing_graph|missing_info|missing_knowledge|missing_rule","","",""
"toxin 43","PET_TOXINS",false,false,false,false,false,90,90,90,"BUY","BUY","BUY","missing_graph|missing_info|missing_knowledge|missing_rule","","",""
"toxin 44","PET_TOXINS",false,false,false,false,false,90,90,90,"BUY","BUY","BUY","missing_graph|missing_info|missing_knowledge|missing_rule","","",""
"toxin 45","PET_TOXINS",false,false,false,false,false,90,90,90,"BUY","BUY","BUY","missing_graph|missing_info|missing_knowledge|missing_rule","","",""
"toxin 46","PET_TOXINS",false,false,false,false,false,90,90,90,"BUY","BUY","BUY","missing_graph|missing_info|missing_knowledge|missing_rule","","",""
"toxin 47","PET_TOXINS",false,false,false,false,false,90,90,90,"BUY","BUY","BUY","missing_graph|missing_info|missing_knowledge|missing_rule","","",""
"toxin 48","PET_TOXINS",false,false,false,false,false,90,90,90,"BUY","BUY","BUY","missing_graph|missing_info|missing_knowledge|missing_rule","","",""
"toxin 49","PET_TOXINS",false,false,false,false,false,90,90,90,"BUY","BUY","BUY","missing_graph|missing_info|missing_knowledge|missing_rule","","",""
"toxin 5","PET_TOXINS",false,false,false,false,false,90,90,90,"BUY","BUY","BUY","missing_graph|missing_info|missing_knowledge|missing_rule","","",""
"toxin 50","PET_TOXINS",false,false,false,false,false,90,90,90,"BUY","BUY","BUY","missing_graph|missing_info|missing_knowledge|missing_rule","","",""
"toxin 51","PET_TOXINS",false,false,false,false,false,90,90,90,"BUY","BUY","BUY","missing_graph|missing_info|missing_knowledge|missing_rule","","",""
"toxin 52","PET_TOXINS",false,false,false,false,false,90,90,90,"BUY","BUY","BUY","missing_graph|missing_info|missing_knowledge|missing_rule","","",""
"toxin 53","PET_TOXINS",false,false,false,false,false,90,90,90,"BUY","BUY","BUY","missing_graph|missing_info|missing_knowledge|missing_rule","","",""
"toxin 54","PET_TOXINS",false,false,false,false,false,90,90,90,"BUY","BUY","BUY","missing_graph|missing_info|missing_knowledge|missing_rule","","",""
"toxin 55","PET_TOXINS",false,false,false,false,false,90,90,90,"BUY","BUY","BUY","missing_graph|missing_info|missing_knowledge|missing_rule","","",""
"toxin 56","PET_TOXINS",false,false,false,false,false,90,90,90,"BUY","BUY","BUY","missing_graph|missing_info|missing_knowledge|missing_rule","","",""
"toxin 57","PET_TOXINS",false,false,false,false,false,90,90,90,"BUY","BUY","BUY","missing_graph|missing_info|missing_knowledge|missing_rule","","",""
"toxin 58","PET_TOXINS",false,false,false,false,false,90,90,90,"BUY","BUY","BUY","missing_graph|missing_info|missing_knowledge|missing_rule","","",""
"toxin 59","PET_TOXINS",false,false,false,false,false,90,90,90,"BUY","BUY","BUY","missing_graph|missing_info|missing_knowledge|missing_rule","","",""
"toxin 6","PET_TOXINS",false,false,false,false,false,90,90,90,"BUY","BUY","BUY","missing_graph|missing_info|missing_knowledge|missing_rule","","",""
"toxin 60","PET_TOXINS",false,false,false,false,false,90,90,90,"BUY","BUY","BUY","missing_graph|missing_info|missing_knowledge|missing_rule","","",""
"toxin 61","PET_TOXINS",false,false,false,false,false,90,90,90,"BUY","BUY","BUY","missing_graph|missing_info|missing_knowledge|missing_rule","","",""
"toxin 62","PET_TOXINS",false,false,false,false,false,90,90,90,"BUY","BUY","BUY","missing_graph|missing_info|missing_knowledge|missing_rule","","",""
"toxin 63","PET_TOXINS",false,false,false,false,false,90,90,90,"BUY","BUY","BUY","missing_graph|missing_info|missing_knowledge|missing_rule","","",""
"toxin 64","PET_TOXINS",false,false,false,false,false,90,90,90,"BUY","BUY","BUY","missing_graph|missing_info|missing_knowledge|missing_rule","","",""
"toxin 65","PET_TOXINS",false,false,false,false,false,90,90,90,"BUY","BUY","BUY","missing_graph|missing_info|missing_knowledge|missing_rule","","",""
"toxin 66","PET_TOXINS",false,false,false,false,false,90,90,90,"BUY","BUY","BUY","missing_graph|missing_info|missing_knowledge|missing_rule","","",""
"toxin 67","PET_TOXINS",false,false,false,false,false,90,90,90,"BUY","BUY","BUY","missing_graph|missing_info|missing_knowledge|missing_rule","","",""
"toxin 68","PET_TOXINS",false,false,false,false,false,90,90,90,"BUY","BUY","BUY","missing_graph|missing_info|missing_knowledge|missing_rule","","",""
"toxin 69","PET_TOXINS",false,false,false,false,false,90,90,90,"BUY","BUY","BUY","missing_graph|missing_info|missing_knowledge|missing_rule","","",""
"toxin 7","PET_TOXINS",false,false,false,false,false,90,90,90,"BUY","BUY","BUY","missing_graph|missing_info|missing_knowledge|missing_rule","","",""
"toxin 70","PET_TOXINS",false,false,false,false,false,90,90,90,"BUY","BUY","BUY","missing_graph|missing_info|missing_knowledge|missing_rule","","",""
"toxin 71","PET_TOXINS",false,false,false,false,false,90,90,90,"BUY","BUY","BUY","missing_graph|missing_info|missing_knowledge|missing_rule","","",""
"toxin 72","PET_TOXINS",false,false,false,false,false,90,90,90,"BUY","BUY","BUY","missing_graph|missing_info|missing_knowledge|missing_rule","","",""
"toxin 73","PET_TOXINS",false,false,false,false,false,90,90,90,"BUY","BUY","BUY","missing_graph|missing_info|missing_knowledge|missing_rule","","",""
"toxin 74","PET_TOXINS",false,false,false,false,false,90,90,90,"BUY","BUY","BUY","missing_graph|missing_info|missing_knowledge|missing_rule","","",""
"toxin 75","PET_TOXINS",false,false,false,false,false,90,90,90,"BUY","BUY","BUY","missing_graph|missing_info|missing_knowledge|missing_rule","","",""
"toxin 76","PET_TOXINS",false,false,false,false,false,90,90,90,"BUY","BUY","BUY","missing_graph|missing_info|missing_knowledge|missing_rule","","",""
"toxin 77","PET_TOXINS",false,false,false,false,false,90,90,90,"BUY","BUY","BUY","missing_graph|missing_info|missing_knowledge|missing_rule","","",""
"toxin 78","PET_TOXINS",false,false,false,false,false,90,90,90,"BUY","BUY","BUY","missing_graph|missing_info|missing_knowledge|missing_rule","","",""
"toxin 79","PET_TOXINS",false,false,false,false,false,90,90,90,"BUY","BUY","BUY","missing_graph|missing_info|missing_knowledge|missing_rule","","",""
"toxin 8","PET_TOXINS",false,false,false,false,false,90,90,90,"BUY","BUY","BUY","missing_graph|missing_info|missing_knowledge|missing_rule","","",""
"toxin 80","PET_TOXINS",false,false,false,false,false,90,90,90,"BUY","BUY","BUY","missing_graph|missing_info|missing_knowledge|missing_rule","","",""
"toxin 81","PET_TOXINS",false,false,false,false,false,90,90,90,"BUY","BUY","BUY","missing_graph|missing_info|missing_knowledge|missing_rule","","",""
"toxin 82","PET_TOXINS",false,false,false,false,false,90,90,90,"BUY","BUY","BUY","missing_graph|missing_info|missing_knowledge|missing_rule","","",""
"toxin 83","PET_TOXINS",false,false,false,false,false,90,90,90,"BUY","BUY","BUY","missing_graph|missing_info|missing_knowledge|missing_rule","","",""
"toxin 84","PET_TOXINS",false,false,false,false,false,90,90,90,"BUY","BUY","BUY","missing_graph|missing_info|missing_knowledge|missing_rule","","",""
"toxin 85","PET_TOXINS",false,false,false,false,false,90,90,90,"BUY","BUY","BUY","missing_graph|missing_info|missing_knowledge|missing_rule","","",""
"toxin 86","PET_TOXINS",false,false,false,false,false,90,90,90,"BUY","BUY","BUY","missing_graph|missing_info|missing_knowledge|missing_rule","","",""
"toxin 87","PET_TOXINS",false,false,false,false,false,90,90,90,"BUY","BUY","BUY","missing_graph|missing_info|missing_knowledge|missing_rule","","",""
"toxin 88","PET_TOXINS",false,false,false,false,false,90,90,90,"BUY","BUY","BUY","missing_graph|missing_info|missing_knowledge|missing_rule","","",""
"toxin 89","PET_TOXINS",false,false,false,false,false,90,90,90,"BUY","BUY","BUY","missing_graph|missing_info|missing_knowledge|missing_rule","","",""
"toxin 9","PET_TOXINS",false,false,false,false,false,90,90,90,"BUY","BUY","BUY","missing_graph|missing_info|missing_knowledge|missing_rule","","",""
"toxin 90","PET_TOXINS",false,false,false,false,false,90,90,90,"BUY","BUY","BUY","missing_graph|missing_info|missing_knowledge|missing_rule","","",""
"toxin 91","PET_TOXINS",false,false,false,false,false,90,90,90,"BUY","BUY","BUY","missing_graph|missing_info|missing_knowledge|missing_rule","","",""
"toxin 92","PET_TOXINS",false,false,false,false,false,90,90,90,"BUY","BUY","BUY","missing_graph|missing_info|missing_knowledge|missing_rule","","",""
"toxin 93","PET_TOXINS",false,false,false,false,false,90,90,90,"BUY","BUY","BUY","missing_graph|missing_info|missing_knowledge|missing_rule","","",""
"toxin 94","PET_TOXINS",false,false,false,false,false,90,90,90,"BUY","BUY","BUY","missing_graph|missing_info|missing_knowledge|missing_rule","","",""
"toxin 95","PET_TOXINS",false,false,false,false,false,90,90,90,"BUY","BUY","BUY","missing_graph|missing_info|missing_knowledge|missing_rule","","",""
"toxin 96","PET_TOXINS",false,false,false,false,false,90,90,90,"BUY","BUY","BUY","missing_graph|missing_info|missing_knowledge|missing_rule","","",""
"toxin 97","PET_TOXINS",false,false,false,false,false,90,90,90,"BUY","BUY","BUY","missing_graph|missing_info|missing_knowledge|missing_rule","","",""
"toxin 98","PET_TOXINS",false,false,false,false,false,90,90,90,"BUY","BUY","BUY","missing_graph|missing_info|missing_knowledge|missing_rule","","",""
"toxin 99","PET_TOXINS",false,false,false,false,false,90,90,90,"BUY","BUY","BUY","missing_graph|missing_info|missing_knowledge|missing_rule","","",""
"vanilla","INGREDIENT_KNOWLEDGE",false,false,false,true,false,90,90,90,"BUY","BUY","BUY","missing_graph|missing_info|missing_rule","","",""
"water","INGREDIENT_KNOWLEDGE",false,false,false,true,false,90,90,90,"BUY","BUY","BUY","missing_graph|missing_info|missing_rule","","",""
"wheat","INGREDIENT_KNOWLEDGE",false,false,false,true,false,90,90,90,"BUY","BUY","BUY","missing_graph|missing_info|missing_rule","","",""
"whey","INGREDIENT_KNOWLEDGE",false,false,false,true,false,90,90,90,"BUY","BUY","BUY","missing_graph|missing_info|missing_rule","","",""
"xanthan gum","INGREDIENT_KNOWLEDGE",false,false,false,true,false,90,90,90,"BUY","BUY","BUY","missing_graph|missing_info|missing_rule","","",""
"xylitol","INGREDIENT_GRAPH|INGREDIENT_INFO|PET_TOXINS",true,true,false,false,true,85,85,85,"BUY","BUY","BUY","missing_knowledge|missing_rule","Unhealthy ingredient: xylitol|xylitol risk","Unhealthy ingredient: xylitol|xylitol risk","Toxic for pets: xylitol|Unhealthy ingredient: xylitol|xylitol risk"
"yeast","INGREDIENT_GRAPH|INGREDIENT_INFO|INGREDIENT_KNOWLEDGE",true,true,false,true,false,85,85,85,"BUY","BUY","BUY","missing_rule","yeast risk","yeast risk","yeast risk"